,City,Cloudiness,Country,Date,Humidity,Lat,Lng,Max Temp,Wind Speed
0,castro,8,KZ,1553377744,98,44.51,50.26,278.121,5.27
1,castro,20,AU,1553377517,72,-42.88,147.33,292.04,3.6
2,castro,80,RU,1553377744,85,59.36,143.24,267.271,3.22
3,castro,32,CG,1553377744,92,1.61,16.05,298.171,1.37
4,castro,64,PF,1553377745,97,-23.12,-134.97,299.621,8.62
5,castro,68,AU,1553377411,56,-33.64,115.35,284.82,5.67
6,castro,88,RU,1553377746,93,73.51,80.55,265.521,9.52
7,castro,1,CA,1553374800,61,53.59,-116.44,282.15,4.6
8,castro,75,CL,1553377393,76,-53.16,-70.91,285.15,4.6
9,castro,76,ZA,1553376690,91,-34.42,19.24,292.59,1.52
10,castro,8,PF,1553377502,100,-16.48,-151.75,302.021,4.22
11,castro,90,US,1553377409,69,39.95,-94.76,287.04,5.1
12,castro,0,CV,1553377688,97,14.9,-24.5,294.621,6.47
13,castro,32,ID,1553377747,94,-7.94,110.25,294.971,1.32
14,castro,0,CN,1553377748,67,43.61,122.27,272.171,6.62
15,castro,0,IN,1553377748,48,24.31,79.97,287.621,1.82
16,castro,75,AR,1553374800,66,-54.81,-68.31,286.15,2.6
17,castro,68,AU,1553377646,78,-34.67,150.86,295.93,3.1
18,castro,75,CA,1553374800,60,58.81,-122.69,278.15,0.87
19,castro,8,AU,1553374800,94,-15.77,128.74,298.15,0.5
20,castro,75,MU,1553377439,78,-20.41,57.7,301.15,5.7
21,castro,75,US,1553377701,69,22.08,-159.32,300.15,9.3
22,castro,92,ZA,1553377750,32,-30.65,24.01,295.821,2.07
23,castro,0,UA,1553377750,84,50.74,33.49,271.771,2.12
24,castro,0,GL,1553374200,56,65.61,-37.64,262.15,5.7
25,castro,44,UZ,1553377750,100,38.2,67.2,269.521,0.67
26,castro,20,PH,1553377535,91,8.0,124.29,294.82,2.24
27,castro,1,US,1553377551,40,42.65,-73.75,277.59,8.7
28,castro,92,ZA,1553377537,22,-30.97,22.13,294.121,1.17
29,castro,20,GY,1553374800,70,6.8,-58.16,302.15,5.1
30,castro,12,MY,1553377751,95,2.02,112.94,295.821,0.87
31,castro,44,RU,1553377752,49,70.62,147.9,245.871,1.32
32,castro,88,BR,1553377720,100,-17.73,-39.27,300.121,8.82
33,castro,20,CA,1553377633,46,62.45,-114.38,261.15,5.1
34,castro,48,PE,1553377710,69,-13.74,-72.9,286.221,1.07
35,castro,0,RU,1553377733,80,69.7,170.27,245.071,1.17
36,castro,80,PF,1553377753,100,-9.8,-139.03,301.121,7.47
37,castro,20,EC,1553377624,74,-0.74,-90.35,302.15,5.1
38,castro,20,US,1553377753,71,37.46,-122.43,290.93,7.2
39,castro,0,ZA,1553377753,91,-33.02,27.91,297.871,11.52
40,castro,80,RU,1553377732,99,50.68,156.12,272.021,7.37
41,castro,8,ZM,1553377753,62,-16.28,27.48,295.771,3.02
42,castro,20,IN,1553374800,53,13.29,77.54,297.15,1.5
43,castro,20,AU,1553377505,100,-31.43,152.91,297.59,2.52
44,castro,92,RU,1553377754,100,64.42,-173.23,264.671,8.07
45,castro,36,ML,1553377754,15,22.68,-3.98,297.771,4.57
46,castro,0,BI,1553377755,100,-3.97,29.44,294.921,0.72
47,castro,68,ID,1553377531,100,-0.86,131.25,299.621,2.77
48,castro,20,IR,1553377816,83,35.87,47.6,270.371,1.22
49,castro,24,GL,1553377714,100,72.79,-56.15,251.671,3.22
50,castro,20,MX,1553373660,70,15.86,-97.07,302.15,3.1
51,castro,75,BR,1553374800,73,-19.62,-43.23,295.15,4.1
52,castro,75,BN,1553374800,88,5.28,115.24,300.15,1.0
53,castro,88,PG,1553377819,100,-2.02,147.27,300.971,5.47
54,castro,48,RU,1553377820,90,67.55,63.78,265.871,6.12
55,castro,20,BR,1553377820,85,-14.74,-50.57,300.721,1.32
56,castro,0,MR,1553376600,82,18.08,-15.98,292.15,6.2
57,castro,20,CA,1553374800,44,55.74,-97.86,265.15,8.2
58,castro,80,AU,1553377799,60,-20.74,116.85,301.271,16.52
59,castro,76,NZ,1553377807,87,-46.19,168.86,290.37,0.89
60,castro,40,PT,1553377794,81,37.72,-25.43,285.93,8.2
61,castro,80,UZ,1553377822,91,40.13,63.45,282.271,2.52
62,castro,1,CA,1553377804,54,45.36,-73.48,274.82,5.62
63,castro,0,RU,1553377787,57,46.45,135.83,253.771,1.07
64,castro,20,CA,1553374800,44,51.26,-80.61,278.15,8.7
65,castro,1,US,1553377711,23,39.62,-77.74,284.26,7.2
66,castro,0,ZA,1553377584,88,-33.93,18.42,294.26,4.1
67,castro,92,AU,1553377824,86,-33.21,138.6,291.071,4.67
68,castro,44,PE,1553377825,69,-11.1,-77.61,297.371,1.97
69,castro,20,US,1553377615,71,37.78,-122.42,290.93,7.2
70,castro,0,FR,1553377560,50,44.83,-0.61,288.15,2.6
71,castro,75,MU,1553377740,78,-20.21,57.76,301.15,5.7
72,castro,92,RU,1553377772,100,65.58,-170.99,263.871,5.72
73,castro,20,NO,1553377587,88,62.91,6.91,277.15,10.3
74,castro,88,NZ,1553377799,76,-45.41,167.72,287.021,1.67
75,castro,20,BR,1553374800,74,-7.47,-34.81,302.15,4.1
76,castro,75,EC,1553377519,77,-0.39,-78.55,291.15,4.1
77,castro,44,NE,1553377828,28,18.74,7.39,297.771,3.92
78,castro,0,UY,1553377829,79,-33.69,-53.46,295.471,2.97
79,castro,40,BR,1553374800,94,-10.7,-48.41,298.15,1.5
80,castro,0,MG,1553377829,91,-22.4,46.13,290.771,1.87
81,castro,20,NA,1553377829,91,-26.65,15.16,288.821,4.02
82,castro,88,KZ,1553377830,87,47.8,67.71,274.271,0.17
83,castro,20,AU,1553374800,83,-32.25,148.6,295.15,3.6
84,castro,80,AR,1553377705,96,-38.31,-60.23,291.171,6.37
85,castro,92,CA,1553377831,88,47.61,-57.61,274.221,7.42
86,castro,0,NO,1553377777,100,70.86,29.09,271.121,3.82
87,castro,76,SO,1553377689,100,2.04,45.34,300.621,6.62
88,castro,0,CN,1553377831,42,42.84,93.51,273.821,3.62
89,castro,0,CU,1553377831,46,22.9,-83.16,299.871,3.62
90,castro,0,TZ,1553377832,100,-7.91,39.67,301.471,3.27
91,castro,80,RU,1553377832,83,58.61,125.39,264.721,1.02
92,castro,0,DZ,1553374800,19,27.87,-0.29,294.15,3.1
93,castro,0,ZA,1553377727,95,-33.59,26.89,295.93,1.79
94,castro,92,NZ,1553377894,82,-46.28,169.85,288.521,2.57
95,castro,92,AR,1553377838,58,-43.3,-65.11,289.921,12.52
96,castro,75,CA,1553374800,71,50.7,-127.42,283.15,3.6
97,castro,12,ZA,1553377687,79,-34.0,24.73,292.921,3.12
98,castro,80,RU,1553377749,76,69.49,88.39,257.921,2.42
99,castro,64,RU,1553377895,94,46.16,39.17,274.721,3.32
100,castro,75,CN,1553374800,87,25.28,110.29,283.15,1.32
101,castro,48,ML,1553377895,40,14.44,-11.44,301.571,2.72
102,castro,92,PH,1553377896,94,12.22,125.48,297.871,5.67
103,castro,75,CL,1553374800,71,-42.48,-73.76,287.15,1.22
104,castro,5,MX,1553373660,28,27.52,-110.01,300.15,4.6
105,castro,0,AU,1553377713,90,-23.58,149.07,294.171,1.32
106,castro,68,CK,1553374800,79,-21.21,-159.78,302.15,2.1
107,castro,20,PT,1553374800,66,38.52,-28.7,286.15,6.2
108,castro,40,IR,1553374800,87,36.66,51.42,282.15,1.0
109,castro,0,NA,1553374927,90,-22.12,14.28,289.82,2.24
110,castro,0,RU,1553377898,38,71.97,114.09,241.271,1.32
111,castro,20,BR,1553374800,78,-22.97,-42.02,299.15,2.6
112,castro,90,AU,1553374800,83,-20.73,139.49,298.15,6.7
113,castro,0,BD,1553377898,88,22.34,90.74,296.621,2.12
114,castro,0,FI,1553376000,60,60.8,21.41,277.15,4.6
115,castro,90,US,1553377851,70,43.82,-111.79,280.93,1.5
116,castro,75,CA,1553374800,63,65.28,-126.83,272.15,8.7
117,castro,0,IN,1553377674,72,25.52,90.21,288.371,0.62
118,castro,36,CM,1553377847,95,4.58,13.68,295.521,4.22
119,castro,8,BR,1553377900,97,-5.81,-61.3,299.421,0.97
120,castro,0,AR,1553376665,51,-31.66,-64.43,302.59,6.2
121,castro,20,BR,1553374800,74,-6.97,-34.84,302.15,4.1
122,castro,20,AU,1553377874,72,-42.78,147.06,292.04,3.6
123,castro,1,US,1553377896,21,39.31,-74.98,284.26,8.7
124,castro,90,US,1553377882,54,19.71,-155.08,299.15,4.1
125,castro,68,BR,1553377747,83,-6.64,-51.99,300.371,1.17
126,castro,24,PG,1553377901,100,-5.56,150.15,299.021,1.52
127,castro,32,RU,1553377901,59,53.86,120.88,264.521,2.37
128,castro,32,BR,1553377750,89,-8.9,-35.15,299.871,3.87
129,castro,0,NO,1553377902,70,71.03,27.85,269.371,3.47
130,castro,40,US,1553374560,65,60.79,-161.76,280.15,5.1
131,castro,88,MV,1553377903,100,-0.6,73.08,303.421,3.17
132,castro,0,GB,1553377699,86,52.47,1.45,280.37,0.5
133,castro,0,CH,1553377883,84,47.42,7.5,283.71,0.5
134,castro,36,SB,1553377907,96,-8.15,159.59,300.171,2.07
135,castro,92,BR,1553377907,96,-2.92,-39.92,298.521,1.62
136,castro,44,IE,1553377693,77,53.8,-9.52,280.37,4.02
137,castro,0,ES,1553377887,58,42.77,-9.06,288.15,1.0
138,castro,5,MX,1553377722,44,22.89,-109.91,300.37,4.1
139,castro,0,ES,1553377722,82,38.18,-1.13,288.15,2.1
140,castro,76,KI,1553377678,100,3.07,172.79,300.271,4.22
141,castro,90,RU,1553377536,93,59.7,30.79,277.15,3.0
142,castro,0,PT,1553377929,67,37.14,-8.45,289.26,3.1
143,castro,88,CO,1553377808,84,-0.19,-74.78,299.871,1.42
144,castro,0,GR,1553374200,81,39.45,22.34,280.15,2.1
145,castro,0,AR,1553377838,35,-40.81,-62.99,292.671,9.97
146,castro,92,CN,1553377973,58,38.48,106.21,273.471,1.32
147,castro,20,PA,1553377640,43,9.52,-79.03,304.26,6.7
148,castro,56,RU,1553377974,49,50.29,130.28,259.871,2.87
149,castro,0,IN,1553377974,89,15.34,74.49,291.571,0.47
150,castro,8,GL,1553377974,93,77.48,-69.36,243.221,4.82
151,castro,68,GL,1553377974,86,65.42,-52.9,259.971,8.37
152,castro,0,TC,1553377898,97,21.46,-71.14,299.771,5.72
153,castro,75,MU,1553377740,78,-20.34,57.76,301.15,5.7
154,castro,12,MN,1553377975,57,46.68,113.28,267.521,4.12
155,castro,0,AF,1553377975,88,36.41,64.91,278.971,3.07
156,castro,68,MG,1553377770,100,-14.27,50.17,300.771,6.22
157,castro,0,IT,1553377902,26,42.81,10.31,285.93,4.77
158,castro,68,RU,1553377976,73,63.37,47.92,272.521,4.77
159,castro,40,GR,1553377929,72,35.21,25.04,288.15,7.2
160,castro,20,PE,1553374800,55,-16.45,-71.53,291.15,5.1
161,castro,68,TZ,1553377976,52,-8.39,36.67,302.621,3.12
162,castro,36,PG,1553377754,100,-2.57,150.8,301.371,4.22
163,castro,68,MG,1553377977,100,-22.82,47.83,296.971,3.97
164,castro,40,AR,1553374800,82,-51.62,-69.22,286.15,3.1
165,castro,40,PW,1553374200,88,7.04,134.26,297.15,2.1
166,castro,75,BR,1553374800,83,-1.76,-48.8,300.15,3.1
167,castro,0,ET,1553377978,60,8.96,38.73,285.271,2.77
168,castro,92,FO,1553376000,75,62.16,-7.17,278.15,7.7
169,castro,44,ZA,1553377624,83,-34.53,20.04,294.15,1.0
170,castro,76,CG,1553377978,92,-4.17,13.56,296.371,0.87
171,castro,0,AU,1553374800,39,-25.24,130.99,299.15,3.6
172,castro,92,KZ,1553374800,92,52.96,63.12,270.15,2.0
173,castro,88,BR,1553377815,73,-20.63,-46.0,297.071,1.42
174,castro,90,CA,1553374800,72,69.44,-133.03,262.15,12.3
175,castro,75,BR,1553377537,83,-3.71,-38.6,300.15,3.6
176,castro,36,GL,1553377979,100,60.14,-45.24,267.971,5.12
177,castro,56,GL,1553374200,40,69.22,-51.1,254.15,9.3
178,castro,80,PG,1553377980,99,-6.22,155.63,300.021,0.97
179,castro,0,SA,1553374800,39,18.39,42.45,290.15,1.77
180,castro,90,CA,1553377368,77,63.75,-68.52,259.15,10.8
181,castro,0,IE,1553377927,86,53.94,-8.95,280.37,0.89
182,castro,56,KH,1553377981,96,13.5,106.97,295.371,0.97
183,castro,75,CA,1553377924,58,49.84,-124.52,287.04,3.6
184,castro,80,FO,1553376000,75,62.23,-6.59,278.15,7.7
185,castro,0,AU,1553377903,76,-32.25,115.77,288.15,3.1
186,castro,40,NO,1553377923,86,59.79,5.78,277.59,6.7
187,castro,68,KZ,1553378043,82,51.81,68.36,269.821,1.32
188,castro,80,AO,1553377744,97,-6.13,12.37,297.521,2.27
189,castro,20,JP,1553378018,80,33.93,134.5,278.15,5.7
190,castro,0,MK,1553378044,82,41.28,20.71,275.021,0.82
191,castro,12,RU,1553378045,52,67.46,153.71,253.021,1.07
192,castro,20,JP,1553377736,55,35.74,139.53,279.82,4.1
193,castro,12,RU,1553378045,80,59.24,163.07,262.721,4.37
194,castro,0,LK,1553378018,96,7.42,81.82,295.421,1.07
195,castro,90,US,1553377890,87,59.64,-151.54,279.82,1.27
196,castro,76,RU,1553378046,67,53.74,127.27,260.171,1.07
197,castro,40,ID,1553374800,100,-3.41,114.85,296.15,3.1
198,castro,0,NZ,1553378046,90,-35.17,173.16,292.921,2.12
199,castro,20,US,1553377828,42,64.84,-147.72,283.71,3.1
200,castro,0,SA,1553374800,54,31.68,38.65,288.15,2.1
201,castro,0,RO,1553376600,48,46.65,24.38,280.37,1.0
202,castro,1,CA,1553374800,55,58.52,-117.13,276.15,6.2
203,castro,92,AU,1553378024,88,-16.99,145.42,298.15,2.12
204,castro,20,AU,1553377822,88,-28.95,153.24,296.48,2.1
205,castro,0,EG,1553377374,77,30.05,31.24,290.15,6.2
206,castro,20,US,1553377645,48,20.89,-156.47,302.04,8.7
207,castro,0,IE,1553377927,86,54.11,-9.15,280.37,0.89
208,castro,24,LY,1553378049,52,27.03,14.43,287.321,3.17
209,castro,8,RU,1553378049,28,71.98,102.47,244.621,1.37
210,castro,20,PH,1553378049,83,17.54,120.52,290.121,1.52
211,castro,56,KZ,1553378049,78,45.25,77.98,274.621,1.02
212,castro,40,RU,1553374800,86,52.98,50.29,272.15,1.0
213,castro,8,MZ,1553378050,100,-16.23,39.91,301.371,4.37
214,castro,5,IT,1553374500,58,39.93,9.66,286.15,4.1
215,castro,80,ZA,1553378050,93,-28.55,16.43,289.771,1.57
216,castro,75,CA,1553374800,62,54.32,-130.32,284.15,5.1
217,castro,76,RU,1553378002,82,69.35,87.76,259.571,3.47
218,castro,92,VU,1553378051,100,-15.51,167.18,296.721,0.77
219,castro,20,TT,1553377807,54,10.24,-61.45,303.15,3.42
220,castro,0,PT,1553374800,50,38.31,-7.71,287.15,2.1
221,castro,12,SN,1553378052,71,15.66,-13.26,295.621,1.47
222,castro,40,AR,1553374800,64,-24.79,-65.41,294.15,2.6
223,castro,75,IE,1553374800,97,51.55,-9.27,279.15,1.0
224,castro,75,IS,1553377598,100,63.84,-22.43,274.26,4.6
225,castro,32,ZA,1553378053,86,-32.72,25.59,292.171,1.32
226,castro,0,PT,1553377872,59,38.45,-9.1,292.59,4.1
227,castro,36,NL,1553377953,86,51.92,4.46,280.37,1.5
228,castro,64,AU,1553378054,100,-34.72,135.86,288.871,2.22
229,castro,12,BO,1553378054,73,-15.63,-63.08,301.371,1.07
230,castro,1,US,1553377348,11,31.42,-103.49,299.15,4.6
231,castro,64,RU,1553378055,87,68.01,35.02,272.671,4.17
232,castro,75,US,1553377995,67,34.64,-120.46,292.04,2.1
233,castro,20,CA,1553377538,76,48.94,-125.55,287.04,4.1
234,castro,48,PE,1553378116,69,-13.65,-73.37,286.221,1.07
235,castro,8,RU,1553378117,76,66.83,70.83,261.771,1.27
236,castro,0,CL,1553378117,82,-31.63,-71.17,292.171,1.62
237,castro,64,RU,1553377869,70,63.29,118.35,263.421,3.57
238,castro,0,SA,1553374800,68,24.63,46.72,293.15,2.6
239,castro,0,SA,1553374800,46,26.33,43.97,294.15,1.0
240,castro,0,MR,1553374800,82,20.93,-17.03,292.15,5.1
241,castro,56,GL,1553374200,40,68.82,-51.19,254.15,9.3
242,castro,0,CN,1553378118,56,39.73,98.49,261.121,1.77
243,castro,44,ID,1553378118,93,-6.5,108.06,294.521,0.87
244,castro,1,US,1553378118,19,37.77,-87.11,289.26,2.6
245,castro,44,ZA,1553378119,95,-28.77,32.06,294.621,2.92
246,castro,8,IS,1553378119,100,63.44,-20.27,276.171,10.07
247,castro,90,US,1553378108,38,30.04,-94.42,297.15,4.1
248,castro,92,VU,1553378120,100,-19.55,169.27,298.821,7.17
249,castro,12,MX,1553378064,76,31.86,-116.62,292.59,3.13
250,castro,32,ID,1553378121,93,-3.94,119.78,297.271,1.02
251,castro,92,CN,1553378121,95,28.89,110.18,278.721,1.47
252,castro,56,NA,1553374927,90,-22.42,14.98,289.82,2.24
253,castro,0,RU,1553378122,48,69.3,139.9,238.121,1.22
254,castro,75,BR,1553374800,79,-12.7,-38.32,302.15,3.1
255,castro,0,TR,1553377773,53,37.58,36.93,283.71,3.1
256,castro,90,US,1553378001,87,36.29,-95.15,286.15,4.6
257,castro,20,PY,1553374800,55,-25.34,-57.51,303.15,1.0
258,castro,90,RU,1553374800,100,54.52,47.97,268.15,1.0
259,castro,20,BR,1553374800,65,-23.68,-45.44,299.15,4.6
260,castro,0,JP,1553378125,100,43.32,145.57,270.371,4.77
261,castro,88,ID,1553378125,95,-0.9,119.87,292.021,0.67
262,castro,75,RU,1553374800,99,55.51,47.5,273.15,2.0
263,castro,92,NO,1553378126,98,67.67,12.69,277.621,20.42
264,castro,0,IT,1553378115,70,45.18,8.4,288.71,2.1
265,castro,20,JP,1553377994,74,31.42,130.32,274.15,3.1
266,castro,0,MN,1553378127,70,45.76,106.27,264.371,4.12
267,castro,56,CF,1553378127,72,4.12,15.14,298.621,3.42
268,castro,20,BR,1553374800,79,-5.2,-35.46,302.15,4.1
269,castro,92,AU,1553374800,88,-12.18,136.78,299.15,0.5
270,castro,88,AU,1553378128,100,-18.65,146.16,299.371,4.12
271,castro,20,EC,1553374800,73,-2.46,-78.17,297.15,3.1
272,castro,20,CL,1553374800,52,-38.71,-73.16,293.15,2.6
273,castro,0,BS,1553378129,100,25.72,-79.3,296.021,4.37
274,castro,48,CO,1553378129,76,5.45,-73.81,290.371,0.77
275,castro,90,GB,1553378105,75,54.18,-6.34,279.82,3.1
276,castro,0,PY,1553378130,68,-26.98,-56.83,298.871,1.07
277,castro,92,PG,1553378130,100,-10.62,150.67,298.271,4.52
278,castro,75,BR,1553374800,78,-21.64,-41.05,299.15,3.1
279,castro,75,JP,1553374800,51,26.12,127.67,290.93,3.1
280,castro,92,ET,1553378192,46,5.79,36.57,295.371,0.77
281,castro,0,CN,1553378192,93,29.96,122.3,282.671,4.77
282,castro,0,IT,1553378158,53,46.13,9.57,287.59,2.1
283,castro,88,RU,1553378022,69,66.32,-179.17,255.621,2.37
284,castro,80,GB,1553377800,86,60.4,-1.35,278.15,10.3
285,castro,20,IR,1553374800,42,30.29,57.06,282.15,2.1
286,castro,90,US,1553376180,66,55.34,-131.65,284.15,3.1
287,castro,0,LK,1553378195,100,6.48,79.98,300.971,1.32
288,castro,90,CN,1553374800,94,20.01,110.35,294.15,5.0
289,castro,0,IN,1553378195,46,22.88,84.14,287.271,2.57
290,castro,64,NC,1553374800,74,-22.28,166.46,299.15,2.97
291,castro,40,BB,1553374800,65,13.07,-59.53,301.15,7.7
292,castro,40,IR,1553374800,93,27.67,54.14,286.15,1.07
293,castro,20,BR,1553374800,78,-9.67,-35.74,301.15,5.1
294,castro,90,US,1553378132,73,30.3,-99.24,294.26,6.2
295,castro,0,US,1553377614,44,37.17,-99.65,291.48,3.13
296,castro,88,RU,1553378197,86,69.38,178.42,251.921,9.07
297,castro,0,BA,1553376600,93,44.13,18.58,279.15,1.0
298,castro,75,US,1553378116,64,21.39,-157.74,300.15,5.1
299,castro,92,CA,1553377508,88,48.65,-53.11,274.82,5.97
300,castro,64,AR,1553378152,64,-46.43,-67.52,289.121,4.72
301,castro,40,OM,1553374200,78,17.01,54.1,299.15,4.6
302,castro,5,CA,1553378077,32,44.23,-76.48,278.15,5.7
303,castro,0,IN,1553378201,51,14.06,78.75,296.471,2.82
304,castro,92,VU,1553378201,100,-16.11,167.42,296.671,1.62
305,castro,90,CA,1553377971,93,47.66,-52.73,278.71,2.1
306,castro,12,DK,1553378104,86,56.77,9.34,278.71,3.6
307,castro,20,RU,1553378119,50,68.75,161.3,250.171,0.87
308,castro,20,PE,1553378202,94,-10.68,-77.82,294.421,3.37
309,castro,92,CN,1553378202,100,27.3,105.3,278.171,1.22
310,castro,40,CA,1553374800,62,68.22,-135.01,267.15,10.3
311,castro,8,CL,1553378203,70,-28.58,-70.76,295.021,1.32
312,castro,64,AU,1553377435,95,-41.05,145.91,288.15,0.89
313,castro,80,CO,1553378203,88,6.32,-72.56,286.871,0.57
314,castro,0,NP,1553378204,57,27.38,87.21,270.871,0.72
315,castro,0,MX,1553378205,28,20.4,-90.15,306.271,2.17
316,castro,20,RU,1553378205,68,57.28,62.0,266.721,1.12
317,castro,8,RU,1553378205,30,70.0,135.55,243.521,1.27
318,castro,1,CA,1553378176,44,44.08,-80.2,278.15,2.6
319,castro,0,JP,1553377372,57,34.7,138.93,277.59,0.45
320,castro,40,RU,1553374800,86,53.59,49.76,272.15,1.0
321,castro,12,CA,1553378268,55,49.65,-108.41,286.521,2.97
322,castro,36,BR,1553378268,77,-9.39,-38.0,299.571,1.62
323,castro,0,SA,1553374800,39,18.22,42.5,290.15,0.52
324,castro,0,MX,1553378268,27,21.28,-88.93,304.771,2.87
325,castro,20,US,1553377828,42,64.86,-147.8,283.71,3.1
326,castro,32,TL,1553378269,87,-8.93,125.41,294.471,0.67
327,castro,1,US,1553378237,34,46.77,-92.13,285.37,5.7
328,castro,56,ID,1553378164,94,-9.65,120.26,296.671,2.17
329,castro,24,OM,1553378269,93,22.57,59.53,295.921,1.72
330,castro,24,ID,1553378270,94,-7.35,108.11,292.771,0.87
331,castro,20,BR,1553378142,61,-22.21,-49.66,301.15,1.5
332,castro,0,NG,1553378270,51,12.45,10.04,298.871,1.27
333,castro,20,NO,1553374200,61,78.22,15.63,265.15,6.2
334,castro,76,ML,1553378271,15,18.9,-3.53,298.871,4.17
335,castro,40,GF,1553374800,69,4.94,-52.33,301.15,5.7
336,castro,0,RU,1553378143,53,68.06,166.44,249.021,1.02
337,castro,32,SD,1553378272,32,14.2,24.66,293.871,2.32
338,castro,92,RU,1553378272,81,58.39,33.91,275.121,6.62
339,castro,0,BR,1553378272,79,-30.17,-50.22,294.821,2.42
340,castro,0,CN,1553378273,69,34.02,105.29,265.021,0.97
341,castro,0,YE,1553378273,89,14.4,46.47,285.171,1.12
342,castro,0,FR,1553377663,81,46.42,3.91,280.15,1.17
343,castro,75,MY,1553374800,88,4.82,100.71,299.15,1.0
344,castro,92,GB,1553378273,80,54.28,-0.41,280.93,1.0
345,castro,32,SL,1553378275,77,8.94,-13.11,301.521,5.97
346,castro,8,EG,1553378275,35,24.09,32.9,295.521,3.02
347,castro,76,RU,1553378275,74,63.9,122.77,259.521,3.32
348,castro,90,AU,1553375520,93,-37.83,140.78,288.15,1.5
349,castro,90,US,1553378117,67,38.82,-95.69,287.59,6.7
350,castro,88,ID,1553378184,99,-2.97,119.9,292.171,0.97
351,castro,0,LY,1553378276,54,29.03,21.55,292.021,5.92
352,castro,0,NG,1553378277,61,8.32,4.47,301.221,3.82
353,castro,20,CA,1553374800,52,53.2,-105.75,281.15,7.2
354,castro,0,MV,1553378278,100,6.62,73.07,302.021,2.32
355,castro,0,IR,1553378279,73,29.11,58.36,281.371,1.72
356,castro,0,CN,1553378279,39,39.63,118.17,274.421,4.47
357,castro,40,ID,1553374800,94,3.3,117.63,298.15,1.0
358,castro,12,CN,1553378281,65,42.78,124.11,271.421,6.27
359,castro,0,KR,1553374800,59,35.24,129.21,274.15,1.0
360,castro,68,RU,1553378281,84,71.64,128.87,255.371,1.32
361,castro,75,US,1553378235,36,43.87,-116.5,290.15,3.6
362,castro,75,EC,1553374800,83,-0.6,-80.42,302.15,4.1
363,castro,40,PE,1553374800,30,-13.71,-76.2,295.15,9.8
364,castro,0,UG,1553378344,45,3.51,34.14,294.071,2.72
365,castro,75,AU,1553378237,94,-20.01,148.25,299.26,2.6
366,castro,1,US,1553378045,54,46.41,-105.84,286.15,2.6
367,castro,0,MN,1553376600,60,47.92,106.92,258.15,1.0
368,castro,1,US,1553378315,36,43.23,-86.25,281.48,3.1
369,castro,92,CN,1553378346,100,28.88,112.34,281.421,4.02
370,castro,36,RU,1553378346,78,50.04,46.89,271.921,1.32
371,castro,44,RU,1553378346,57,56.36,114.84,263.621,1.52
372,castro,0,FR,1553378106,65,45.68,6.39,283.71,1.0
373,castro,68,CO,1553378347,32,6.3,-70.2,309.171,2.42
374,castro,75,JP,1553374800,68,24.34,124.16,292.15,8.2
375,castro,8,AU,1553378124,88,-28.65,153.62,300.37,1.0
376,castro,20,CL,1553374800,77,-29.95,-71.34,289.15,5.1
377,castro,0,CN,1553378146,29,38.42,77.24,284.82,0.45
378,castro,92,VU,1553378349,100,-16.07,167.38,296.671,1.62
379,castro,48,NG,1553378349,66,7.37,7.63,301.871,4.57
380,castro,0,PH,1553378349,100,13.32,122.68,298.821,5.92
381,castro,0,IN,1553374800,49,28.58,77.04,293.15,2.6
382,castro,24,DK,1553378104,80,56.38,9.66,278.71,3.1
383,castro,88,CD,1553378350,92,-6.42,20.79,296.421,0.87
384,castro,0,PF,1553378351,99,-16.7,-151.02,302.071,4.47
385,castro,20,JP,1553374941,80,35.73,140.83,272.15,1.5
386,castro,20,RU,1553378352,62,49.74,142.83,253.121,2.17
387,castro,36,ET,1553378352,67,6.99,35.58,292.371,1.42
388,castro,0,CA,1553378352,51,49.22,-84.78,279.771,5.22
389,castro,92,PK,1553378353,78,25.12,62.33,296.271,2.77
390,castro,92,ET,1553378353,20,10.07,34.53,300.621,2.22
391,castro,48,RU,1553378353,87,63.51,53.41,271.271,3.87
392,castro,56,ID,1553378354,93,-3.99,122.52,295.921,1.27
393,castro,0,BR,1553374800,47,-29.77,-57.08,300.15,3.1
394,castro,76,RU,1553378354,72,63.75,121.63,261.071,3.47
395,castro,32,BR,1553378354,89,-9.01,-35.22,299.871,3.87
396,castro,92,CN,1553378355,81,29.72,112.52,279.271,1.77
397,castro,75,AU,1553376120,100,-20.31,118.58,299.15,16.5
398,castro,0,CA,1553378153,68,50.56,-96.99,283.15,2.68
399,castro,90,US,1553378040,50,43.62,-95.6,285.15,3.1
400,castro,90,US,1553378116,54,21.35,-158.09,300.15,4.6
401,castro,12,NO,1553377800,89,71.0,24.66,273.15,6.2
402,castro,75,BR,1553374800,83,-20.67,-40.5,299.26,6.2
403,castro,0,SA,1553374800,25,17.54,44.22,298.15,1.12
404,castro,12,ID,1553378418,96,-10.16,123.6,300.521,4.02
405,castro,0,YE,1553378419,96,13.06,44.88,293.171,1.72
406,castro,40,CA,1553374800,50,54.77,-101.88,272.15,6.2
407,castro,0,BW,1553378419,36,-24.69,23.5,297.921,5.52
408,castro,0,AU,1553378419,89,-24.4,150.51,292.221,1.22
409,castro,0,FR,1553378407,54,43.49,-0.77,286.15,1.5
410,castro,0,PT,1553378420,47,41.42,-6.55,285.821,3.42
411,castro,0,BH,1553378400,78,26.15,50.62,295.15,3.1
412,castro,0,CN,1553378421,56,39.77,98.29,261.121,1.77
413,castro,0,FI,1553378420,88,60.46,24.81,274.26,2.1
414,castro,68,BO,1553378234,18,-18.9,-66.78,289.621,2.17
415,castro,20,HN,1553374800,61,15.0,-83.23,301.15,3.6
416,castro,8,RU,1553378422,58,60.47,166.1,251.421,1.22
417,castro,20,DO,1553374800,66,18.21,-71.1,302.15,8.2
418,castro,0,SN,1553376600,77,14.69,-17.45,293.15,7.7
419,castro,90,KZ,1553374800,100,51.13,71.43,274.15,2.0
420,castro,1,US,1553377702,15,38.18,-83.43,288.15,2.6
421,castro,75,CA,1553374800,75,70.47,-68.59,246.15,8.2
422,castro,0,RU,1553378422,74,56.73,85.44,273.15,2.0
423,castro,32,RU,1553378424,90,61.14,45.92,269.371,5.07
424,castro,32,MG,1553378316,90,-14.9,50.28,299.371,4.32
425,castro,80,MA,1553378425,100,29.7,-9.73,288.121,3.07
426,castro,0,SO,1553378304,100,11.28,49.18,298.371,1.72
427,castro,0,RU,1553376808,78,49.31,43.06,275.93,1.79
428,castro,0,RS,1553374800,70,44.01,20.91,280.15,0.5
429,castro,0,NA,1553378425,36,-24.83,16.98,295.921,2.22
430,castro,1,US,1553378340,19,33.19,-82.53,296.48,2.1
431,castro,20,RU,1553374800,55,51.92,108.05,274.15,5.0
432,castro,75,MY,1553374800,100,2.29,111.83,298.15,1.32
433,castro,56,CO,1553374800,35,6.19,-67.49,310.15,1.62
434,castro,20,IN,1553374800,53,12.96,77.22,297.15,1.5
435,castro,100,MG,1553378427,86,-17.47,49.2,297.071,1.17
436,castro,8,SE,1553378427,68,61.73,17.1,277.321,8.27
437,castro,80,LY,1553378427,100,31.21,16.59,287.821,3.47
438,castro,0,US,1553378160,31,46.54,-87.4,284.82,5.7
439,castro,20,CL,1553374800,60,-20.22,-70.14,296.15,7.7
440,castro,20,CL,1553374800,51,-45.58,-72.07,289.15,4.1
441,castro,92,CD,1553378428,100,-2.17,16.23,294.571,0.77
442,castro,75,US,1553378402,54,45.52,-122.67,289.26,1.32
443,castro,0,BW,1553378429,39,-21.2,24.86,298.871,6.82
444,castro,0,PF,1553378429,99,-16.78,-151.5,302.071,4.47
445,castro,20,AF,1553374500,67,34.43,70.46,287.15,1.5
446,castro,1,US,1553378216,59,36.62,-121.92,291.48,2.1
447,castro,56,NA,1553378430,57,-20.59,17.46,294.421,1.17
448,castro,40,CA,1553378480,54,49.17,-121.95,288.71,2.1
449,castro,0,NG,1553378232,57,10.52,7.44,297.771,1.87
450,castro,20,AR,1553374800,67,-45.87,-67.48,289.15,3.1
451,castro,80,RU,1553378492,76,56.85,105.25,266.821,2.97
452,castro,36,LY,1553378492,100,32.77,22.64,289.121,4.12
453,castro,24,ID,1553378453,98,-0.02,109.34,299.121,2.87
454,castro,36,AU,1553374800,51,-23.7,133.88,301.15,4.6
455,castro,0,VE,1553378493,27,8.02,-62.41,307.171,4.47
456,castro,0,VE,1553378493,29,6.71,-61.64,306.121,2.32
457,castro,40,BR,1553374800,94,-10.18,-48.33,298.15,1.5
458,castro,1,US,1553378354,42,41.47,-87.06,285.93,2.27
459,castro,0,ZA,1553374800,49,-25.85,25.61,295.15,4.1
460,castro,56,ID,1553378494,94,-2.54,112.95,296.321,1.57
461,castro,0,RU,1553374800,59,55.0,86.81,274.15,4.0
462,castro,20,SA,1553378495,79,25.02,37.27,292.621,1.47
463,castro,68,UA,1553378495,100,45.05,34.56,275.621,4.12
464,castro,75,CL,1553374800,71,-41.87,-73.83,287.15,1.42
465,castro,92,BR,1553378496,92,-1.71,-47.89,298.471,1.97
466,castro,36,IE,1553378226,86,54.5,-8.19,275.93,0.45
467,castro,36,JP,1553378407,45,36.5,139.0,275.37,0.89
468,castro,92,BF,1553378497,21,13.32,-1.53,302.471,3.17
469,castro,88,RU,1553378497,93,60.26,37.97,273.621,8.27
470,castro,76,ZA,1553378323,77,-32.25,24.53,290.671,1.22
471,castro,92,SO,1553378497,96,7.98,49.82,299.721,5.22
472,castro,8,GL,1553378497,100,61.99,-49.67,266.371,5.67
473,castro,88,RU,1553378498,88,67.67,53.09,272.421,9.87
474,castro,90,BO,1553374800,78,-19.79,-63.2,296.15,4.02
475,castro,80,CA,1553377624,61,46.12,-70.67,274.82,6.26
476,castro,20,RU,1553378499,76,60.42,134.54,248.321,1.22
477,castro,20,DE,1553378453,86,52.27,10.2,281.48,1.5
478,castro,92,NZ,1553378408,85,-46.13,167.69,290.93,1.34
479,castro,32,RU,1553378500,92,59.56,150.8,266.871,10.52
480,castro,20,NG,1553374800,88,5.43,7.07,298.15,1.5
481,castro,24,RU,1553378501,63,65.73,150.89,253.371,0.82
482,castro,0,RU,1553377254,92,55.61,37.97,274.26,1.0
483,castro,20,ID,1553378302,100,-3.31,129.0,300.571,4.02
484,castro,88,RU,1553378502,94,51.76,48.54,274.421,4.22
485,castro,0,ID,1553378407,97,5.56,95.32,296.671,0.47
486,castro,44,TH,1553378502,100,12.25,102.51,300.771,4.02
487,castro,76,ID,1553378502,98,-0.91,122.88,299.271,1.17
488,castro,8,MG,1553378503,88,-20.3,44.28,300.621,2.57
489,castro,0,NP,1553378503,90,29.28,82.18,267.671,1.02
490,castro,12,NZ,1553378435,77,-36.4,174.66,296.48,2.1
491,castro,20,LK,1553375400,100,6.12,81.12,297.15,1.0
492,castro,0,BR,1553378504,54,-21.35,-51.86,302.871,2.02
493,castro,80,TR,1553378565,94,37.34,41.89,281.471,3.02
494,castro,8,IN,1553378490,100,11.67,92.75,301.121,3.87
495,castro,0,CA,1553378566,99,51.77,-104.18,280.621,5.57
496,castro,76,VN,1553378366,98,9.18,105.15,298.621,3.02
497,castro,0,GB,1553378546,86,53.7,-2.31,280.15,3.1
498,castro,36,RU,1553378567,78,54.43,31.9,272.271,3.87
499,castro,32,PH,1553378567,97,5.4,125.46,300.371,6.02
500,castro,5,MX,1553378420,61,20.76,-105.33,301.15,6.2
501,castro,56,RU,1553378567,58,63.01,112.47,257.871,3.32
502,castro,68,JO,1553378400,71,32.44,35.7,286.15,1.5
503,castro,0,PL,1553378344,75,54.57,18.4,280.37,9.8
504,castro,56,RU,1553378569,82,66.77,123.37,259.571,3.67
505,castro,75,BM,1553378318,72,32.3,-64.78,292.15,8.2
506,castro,24,GL,1553374200,51,60.91,-46.05,262.15,3.1
507,castro,48,ZA,1553378559,92,-34.05,23.37,294.271,1.32
508,castro,20,ID,1553374800,100,1.44,125.19,295.15,0.5
509,castro,92,NC,1553378573,100,-20.68,164.93,298.021,6.82
510,castro,1,US,1553378532,19,38.1,-86.58,288.71,2.6
511,castro,24,MX,1553378574,37,15.44,-92.9,305.021,1.77
512,castro,76,RU,1553378574,82,69.41,86.18,260.671,5.12
513,castro,56,ID,1553378575,96,-2.64,115.23,296.021,1.02
514,castro,40,MY,1553374800,100,5.84,118.12,297.15,0.32
515,castro,90,ES,1553378409,63,28.66,-17.92,291.15,7.7
516,castro,0,CN,1553378575,54,40.61,115.04,267.971,2.32
517,castro,75,BR,1553374800,64,-20.25,-43.81,297.15,3.1
518,castro,90,US,1553378524,93,60.55,-151.26,279.82,4.6
519,castro,36,ID,1553378577,100,-8.49,140.4,296.971,0.92
520,castro,68,AU,1553378540,78,-34.58,150.85,296.48,3.1
521,castro,75,PE,1553374800,290,-6.53,-76.35,290.15,2.1
522,castro,44,GL,1553378354,73,66.94,-53.67,251.321,0.77
523,castro,36,MZ,1553378533,86,-23.87,35.38,299.171,5.72
524,castro,76,AU,1553378473,58,-33.36,116.15,284.82,1.37
525,castro,88,VN,1553378578,100,18.33,105.9,294.721,8.82
526,castro,0,PH,1553378579,73,11.0,122.67,297.621,5.97
527,castro,75,TO,1553378400,69,-18.65,-173.98,299.15,2.1
528,castro,56,ID,1553378579,96,-2.42,115.25,296.021,1.02
529,castro,0,PH,1553378580,93,16.13,119.78,298.171,6.37
530,castro,0,RU,1553378580,86,68.05,39.51,272.271,10.67
531,castro,64,RU,1553378580,66,52.63,126.75,264.021,2.22
532,castro,20,US,1553378527,76,43.41,-124.22,287.04,4.1
533,castro,75,GB,1553378552,93,50.47,-3.52,283.15,0.5
534,castro,0,RU,1553378366,90,61.92,159.24,266.521,8.07
535,castro,90,US,1553378521,100,35.62,-95.96,286.15,5.7
536,castro,68,KZ,1553378562,96,51.1,66.31,271.471,1.37
